subdomain,ip,status,page,is_infra,tenant_key
acorncrm.agencypilot.com,20.90.90.145,resolved,2,False,acorncrm
alciumcrm.agencypilot.com,104.20.19.27,resolved,4,False,alciumcrm
aldredscrm.agencypilot.com,172.167.242.64,resolved,5,False,aldredscrm
andashcrm.agencypilot.com,172.167.242.64,resolved,4,False,andashcrm
apbcrm.agencypilot.com,20.90.90.145,resolved,3,False,apbcrm
argroupcrm.agencypilot.com,172.167.242.64,resolved,5,False,argroupcrm
arnoldscrm.agencypilot.com,20.90.90.145,resolved,3,False,arnoldscrm
b8recrm.agencypilot.com,172.167.242.64,resolved,4,False,b8recrm
bacommercial.agencypilot.com,172.167.242.64,resolved,6,False,bacommercial
barnsdalescrm.agencypilot.com,172.167.242.64,resolved,4,False,barnsdalescrm
bbjcrm.agencypilot.com,20.90.90.145,resolved,3,False,bbjcrm
bccpropertycrm.agencypilot.com,20.90.90.145,resolved,2,False,bccpropertycrm
begroupcrm.agencypilot.com,172.167.242.64,resolved,4,False,begroupcrm
bidwellscrm.agencypilot.com,20.90.90.145,resolved,3,False,bidwellscrm
bigyellowcrm.agencypilot.com,20.90.90.145,resolved,3,False,bigyellowcrm
bkcrm.agencypilot.com,20.90.90.145,resolved,3,False,bkcrm
blscrm.agencypilot.com,172.167.242.64,resolved,6,False,blscrm
bonsors.agencypilot.com,20.90.90.145,resolved,2,False,bonsors
brasierfreethcrm.agencypilot.com,172.167.242.64,resolved,4,False,brasierfreethcrm
breakeyandnuttallcrm.agencypilot.com,20.90.90.145,resolved,3,False,breakeyandnuttallcrm
brinsons.agencypilot.com,20.90.90.145,resolved,2,False,brinsons
brownandcocrm.agencypilot.com,20.90.90.145,resolved,3,False,brownandcocrm
burleybrownecrm.agencypilot.com,20.90.90.145,resolved,1,False,burleybrownecrm
campbellgordon.agencypilot.com,20.90.90.145,resolved,1,False,campbellgordon
carterjonascrm.agencypilot.com,172.167.242.64,resolved,5,False,carterjonascrm
caxtonscrm.agencypilot.com,20.90.90.145,resolved,1,False,caxtonscrm
cccrm.agencypilot.com,20.90.90.145,resolved,3,False,cccrm
centrocrm.agencypilot.com,172.167.242.64,resolved,6,False,centrocrm
chamberlaincommercial.agencypilot.com,172.167.242.64,resolved,4,False,chamberlaincommercial
cheffinscrm.agencypilot.com,172.167.242.64,resolved,5,False,cheffinscrm
cooperandtannercrm.agencypilot.com,20.90.90.145,resolved,2,False,cooperandtannercrm
cppcrm.agencypilot.com,20.90.90.145,resolved,3,False,cppcrm
cravenwildsmithcrm.agencypilot.com,20.90.90.145,resolved,2,False,cravenwildsmithcrm
creativeretailcrm.agencypilot.com,172.167.242.64,resolved,4,False,creativeretailcrm
csquaredcrm.agencypilot.com,20.90.90.145,resolved,3,False,csquaredcrm
cummingscrm.agencypilot.com,20.90.90.145,resolved,2,False,cummingscrm
cwcrm.agencypilot.com,172.167.242.64,resolved,5,False,cwcrm
daviescocrm.agencypilot.com,172.167.242.64,resolved,5,False,daviescocrm
drakecommercialcrm.agencypilot.com,172.167.242.64,resolved,6,False,drakecommercialcrm
duxburyscrm.agencypilot.com,172.167.242.64,resolved,5,False,duxburyscrm
eckersley.agencypilot.com,172.167.242.64,resolved,6,False,eckersley
eddisonscrm.agencypilot.com,172.167.242.64,resolved,4,False,eddisonscrm
ehbcrm.agencypilot.com,20.90.90.145,resolved,3,False,ehbcrm
ellispartnerscrm.agencypilot.com,172.167.242.64,resolved,5,False,ellispartnerscrm
fennwrightcrm.agencypilot.com,172.167.242.64,resolved,5,False,fennwrightcrm
fifieldglyncrm.agencypilot.com,20.90.90.145,resolved,2,False,fifieldglyncrm
fishergermancrm.agencypilot.com,172.167.242.64,resolved,6,False,fishergermancrm
fittonestates.agencypilot.com,20.90.90.145,resolved,3,False,fittonestates
fittonestatescrm.agencypilot.com,20.90.90.145,resolved,3,False,fittonestatescrm
fletchercrecrm.agencypilot.com,172.167.242.64,resolved,6,False,fletchercrecrm
flintrecrm.agencypilot.com,172.167.242.64,resolved,4,False,flintrecrm
fludecrm.agencypilot.com,172.167.242.64,resolved,5,False,fludecrm
futuresquaredcrm.agencypilot.com,172.167.242.64,resolved,4,False,futuresquaredcrm
fwcommercialcrm.agencypilot.com,20.90.90.145,resolved,2,False,fwcommercialcrm
g-s.agencypilot.com,172.167.242.64,resolved,4,False,g-s
garnessjonescrm.agencypilot.com,20.90.90.145,resolved,2,False,garnessjonescrm
genesis.agencypilot.com,172.167.242.64,resolved,6,False,genesis
gjsdilloncrm.agencypilot.com,20.90.90.145,resolved,3,False,gjsdilloncrm
glennycrm.agencypilot.com,172.167.242.64,resolved,5,False,glennycrm
grahamhallcrm.agencypilot.com,172.167.242.64,resolved,6,False,grahamhallcrm
hammondcrm.agencypilot.com,20.90.90.145,resolved,3,False,hammondcrm
harrislambcrm.agencypilot.com,20.90.90.145,resolved,2,False,harrislambcrm
harrisonscrm.agencypilot.com,172.167.242.64,resolved,5,False,harrisonscrm
hlcrm.agencypilot.com,172.167.242.64,resolved,5,False,hlcrm
holtcrm.agencypilot.com,20.90.90.145,resolved,2,False,holtcrm
howkinsandharrisoncrm.agencypilot.com,20.90.90.145,resolved,2,False,howkinsandharrisoncrm
htarecrm.agencypilot.com,20.90.90.145,resolved,2,False,htarecrm
hydeharringtoncrm.agencypilot.com,172.167.242.64,resolved,4,False,hydeharringtoncrm
innesenglandcrm.agencypilot.com,172.167.242.64,resolved,5,False,innesenglandcrm
jaggardmaclandcrm.agencypilot.com,20.90.90.145,resolved,1,False,jaggardmaclandcrm
johngoodwin.agencypilot.com,20.90.90.145,resolved,2,False,johngoodwin
johnpaynecrm.agencypilot.com,172.167.242.64,resolved,6,False,johnpaynecrm
kalmarscrm.agencypilot.com,20.90.90.145,resolved,1,False,kalmarscrm
kemptoncarrcroftcrm.agencypilot.com,172.167.242.64,resolved,5,False,kemptoncarrcroftcrm
kemsleycrm.agencypilot.com,172.167.242.64,resolved,5,False,kemsleycrm
kfhcrm.agencypilot.com,172.167.242.64,resolved,5,False,kfhcrm
kirkbyanddiamondcrm.agencypilot.com,172.167.242.64,resolved,5,False,kirkbyanddiamondcrm
landcommercial.agencypilot.com,20.90.90.145,resolved,3,False,landcommercial
langhamestatecrm.agencypilot.com,20.90.90.145,resolved,2,False,langhamestatecrm
legatowencrm.agencypilot.com,172.167.242.64,resolved,4,False,legatowencrm
lm6crm.agencypilot.com,20.90.90.145,resolved,3,False,lm6crm
louchshacklockcrm.agencypilot.com,172.167.242.64,resolved,5,False,louchshacklockcrm
louistaylorcrm.agencypilot.com,172.167.242.64,resolved,6,False,louistaylorcrm
lowe-elliottcrm.agencypilot.com,20.90.90.145,resolved,3,False,lowe-elliottcrm
markjenkinsoncrm.agencypilot.com,20.90.90.145,resolved,2,False,markjenkinsoncrm
matchmyofficecrm.agencypilot.com,172.167.242.64,resolved,4,False,matchmyofficecrm
matherjamiecrm.agencypilot.com,172.167.242.64,resolved,5,False,matherjamiecrm
matthewphillipscrm.agencypilot.com,172.167.242.64,resolved,4,False,matthewphillipscrm
mavarealestatecrm.agencypilot.com,20.90.90.145,resolved,3,False,mavarealestatecrm
mcconnellpropertycrm.agencypilot.com,172.167.242.64,resolved,5,False,mcconnellpropertycrm
merrifieldscrm.agencypilot.com,172.167.242.64,resolved,5,False,merrifieldscrm
mulluckswellscrm.agencypilot.com,20.90.90.145,resolved,1,False,mulluckswellscrm
naylorscrm.agencypilot.com,172.167.242.64,resolved,5,False,naylorscrm
nolanredshawcrm.agencypilot.com,20.90.90.145,resolved,3,False,nolanredshawcrm
oakleypropertycrm.agencypilot.com,20.90.90.145,resolved,3,False,oakleypropertycrm
officespacenearmecrm.agencypilot.com,20.90.90.145,resolved,2,False,officespacenearmecrm
omeetocrm.agencypilot.com,172.167.242.64,resolved,5,False,omeetocrm
orbitdevelopmentscrm.agencypilot.com,172.167.242.64,resolved,5,False,orbitdevelopmentscrm
parkinsoncpccrm.agencypilot.com,20.90.90.145,resolved,3,False,parkinsoncpccrm
peillcrm.agencypilot.com,20.90.90.145,resolved,2,False,peillcrm
pettycrm.agencypilot.com,20.90.90.145,resolved,3,False,pettycrm
pinkus.agencypilot.com,20.90.90.145,resolved,3,False,pinkus
pmcdcrm.agencypilot.com,172.167.242.64,resolved,4,False,pmcdcrm
pphcrm.agencypilot.com,172.167.242.64,resolved,4,False,pphcrm
primmeroldscrm.agencypilot.com,20.90.90.145,resolved,2,False,primmeroldscrm
prop-searchcrm.agencypilot.com,20.90.90.145,resolved,3,False,prop-searchcrm
psscrm.agencypilot.com,20.90.90.145,resolved,2,False,psscrm
pughauctionscrm.agencypilot.com,172.167.242.64,resolved,4,False,pughauctionscrm
quintons.agencypilot.com,20.90.90.145,resolved,3,False,quintons
quintonscrm.agencypilot.com,20.90.90.145,resolved,2,False,quintonscrm
robertsandroberts.agencypilot.com,172.167.242.64,resolved,6,False,robertsandroberts
robinsonandhallcrm.agencypilot.com,172.167.242.64,resolved,5,False,robinsonandhallcrm
robinsonlayercrm.agencypilot.com,172.167.242.64,resolved,5,False,robinsonlayercrm
rochecrm.agencypilot.com,172.167.242.64,resolved,5,False,rochecrm
rogerhannah.agencypilot.com,172.167.242.64,resolved,4,False,rogerhannah
rushtonhickmancrm.agencypilot.com,20.90.90.145,resolved,3,False,rushtonhickmancrm
rydencrm.agencypilot.com,172.167.242.64,resolved,6,False,rydencrm
s4socrm.agencypilot.com,20.90.90.145,resolved,1,False,s4socrm
sallowaycrm.agencypilot.com,172.167.242.64,resolved,6,False,sallowaycrm
sbccrm.agencypilot.com,172.167.242.64,resolved,4,False,sbccrm
sbhcrm.agencypilot.com,172.167.242.64,resolved,4,False,sbhcrm
sccexetercrm.agencypilot.com,172.167.242.64,resolved,4,False,sccexetercrm
sccrm.agencypilot.com,172.167.242.64,resolved,4,False,sccrm
secrm.agencypilot.com,172.167.242.64,resolved,6,False,secrm
shwcrm.agencypilot.com,172.167.242.64,resolved,5,False,shwcrm
sibleyparescrm.agencypilot.com,172.167.242.64,resolved,5,False,sibleyparescrm
smithscrm.agencypilot.com,20.90.90.145,resolved,2,False,smithscrm
smithwoolleycrm.agencypilot.com,172.167.242.64,resolved,4,False,smithwoolleycrm
sorrell.agencypilot.com,20.90.90.145,resolved,2,False,sorrell
staffordperkinscrm.agencypilot.com,172.167.242.64,resolved,4,False,staffordperkinscrm
strettonscrm.agencypilot.com,20.90.90.145,resolved,2,False,strettonscrm
taylorweavercrm.agencypilot.com,172.167.242.64,resolved,4,False,taylorweavercrm
tophamlarard.agencypilot.com,20.90.90.145,resolved,2,False,tophamlarard
turnerwestwellcrm.agencypilot.com,172.167.242.64,resolved,4,False,turnerwestwellcrm
underwoodscrm.agencypilot.com,20.90.90.145,resolved,2,False,underwoodscrm
vdbmcrm.agencypilot.com,172.167.242.64,resolved,5,False,vdbmcrm
vickerscarnleycrm.agencypilot.com,20.90.90.145,resolved,2,False,vickerscarnleycrm
vickeryholmancrm.agencypilot.com,172.167.242.64,resolved,5,False,vickeryholmancrm
walkersingleton.agencypilot.com,20.90.90.145,resolved,2,False,walkersingleton
walkersingletoncrm.agencypilot.com,20.90.90.145,resolved,2,False,walkersingletoncrm
wardscrm.agencypilot.com,20.90.90.145,resolved,3,False,wardscrm
watsondaycrm.agencypilot.com,20.90.90.145,resolved,3,False,watsondaycrm
wellsmcfarlanecrm.agencypilot.com,172.167.242.64,resolved,5,False,wellsmcfarlanecrm
whiteacrescrm.agencypilot.com,20.90.90.145,resolved,2,False,whiteacrescrm
wtgunsoncrm.agencypilot.com,20.90.90.145,resolved,2,False,wtgunsoncrm
wtscrm.agencypilot.com,172.167.242.64,resolved,5,False,wtscrm
